name,first_name,last_name,first_language
Corbett,Corbett,McIlhatton,Lithuanian
Rebecka,Rebecka,Lindblad,Tamil
Noel,Noel,Cloney,Lao
Shae,Shae,Corro,Greek
Nicholle,Nicholle,Pisco,Kashmiri
Skipper,Skipper,Brideaux,Marathi
Fulton,Fulton,Cobon,Kashmiri
Jaquith,Jaquith,Janczak,Tetum
Dorella,Dorella,Spaice,Somali
Berti,Berti,Mensler,Dutch
Fiann,Fiann,Colkett,Portuguese
Germain,Germain,Edsall,Polish
Tracie,Tracie,Scholl,Māori
Brinna,Brinna,Clemett,Swahili
Chrysa,Chrysa,Imms,Belarusian
Boycie,Boycie,Gonnin,Fijian
Butch,Butch,Wooffitt,Kazakh
Franny,Franny,Mackiewicz,Romanian
Meredith,Meredith,Fury,Thai
Erie,Erie,Faust,Montenegrin
Sandye,Sandye,Float,Hindi
Stanislas,Stanislas,Amery,West Frisian
Alfy,Alfy,Housbie,Catalan
Peter,Peter,McRannell,Sotho
Florenza,Florenza,Roscamp,Malay
Jo,Jo,Freathy,Latvian
Allene,Allene,Reardon,Macedonian
Jacinda,Jacinda,Hedaux,Assamese
Pattin,Pattin,Dewdney,Portuguese
Alanah,Alanah,Coffin,Fijian
Vasilis,Vasilis,Abade,Telugu
Silvia,Silvia,MacAirt,Gujarati
Lari,Lari,Burgne,Bosnian
Gustavo,Gustavo,Fishwick,German
Gui,Gui,Eary,Hindi
Josefa,Josefa,Grigori,English
Edd,Edd,Cirlos,Estonian
Pascale,Pascale,De Bell,Khmer
Hansiain,Hansiain,Tester,Irish Gaelic
Charlot,Charlot,Maud,Croatian
Hogan,Hogan,Durant,Hungarian
Lane,Lane,Torrans,Azeri
Teodor,Teodor,Gamet,Somali
Teador,Teador,Caillou,Norwegian
Hans,Hans,D'orsay,Ndebele
Mildrid,Mildrid,Sterrick,Bislama
Dagny,Dagny,McLauchlin,Fijian
Fernande,Fernande,Elvin,Dhivehi
Carla,Carla,Tinham,Luxembourgish
Ronda,Ronda,Plank,Georgian
Rodina,Rodina,Laughlin,Sotho
Prescott,Prescott,Chansonne,Albanian
Arlen,Arlen,Pepon,Finnish
Auroora,Auroora,Vockins,Estonian
Jessee,Jessee,Jenkinson,Mongolian
Sarah,Sarah,Symon,Armenian
Reggie,Reggie,MacLachlan,Hiri Motu
Mitchell,Mitchell,Curtain,Lithuanian
Emanuel,Emanuel,Littleover,Greek
Neysa,Neysa,Drillot,Kashmiri
Margalit,Margalit,O' Dooley,Dhivehi
Mariejeanne,Mariejeanne,Prestige,Croatian
Leia,Leia,Wyles,German
Adelaide,Adelaide,Philcock,Tsonga
Sherie,Sherie,Capron,Swahili
Connie,Connie,Shorey,Northern Sotho
Laney,Laney,Walduck,Spanish
Hadlee,Hadlee,Larter,Oriya
Dinah,Dinah,Ondricek,Croatian
Ameline,Ameline,Topham,Somali
Seumas,Seumas,Garbett,Chinese
Arlena,Arlena,Le land,Oriya
Bax,Bax,McTerrelly,Papiamento
Dylan,Dylan,Bande,Spanish
Eleen,Eleen,Boylan,Lithuanian
Reinald,Reinald,Drakeford,Kurdish
Delmor,Delmor,Beech,Polish
Devy,Devy,Wilkenson,Somali
Reilly,Reilly,Riediger,Montenegrin
Hendrick,Hendrick,Stebles,Latvian
Geralda,Geralda,Mowday,Gujarati
Cathe,Cathe,Janda,Papiamento
Thomas,Thomas,Coumbe,Dzongkha
Magdalena,Magdalena,Parkyns,Danish
Marcelo,Marcelo,Courtin,English
Artair,Artair,Drexel,Tetum
Jess,Jess,Blanshard,Aymara
Vonny,Vonny,Tyhurst,Italian
Evelina,Evelina,Poleye,Dzongkha
Godart,Godart,Bastin,Ndebele
Eugenia,Eugenia,Armal,Bengali
Allsun,Allsun,Buckler,Ndebele
Damaris,Damaris,Beining,Hebrew
Ardelia,Ardelia,Pentony,Ndebele
Demott,Demott,Treweela,Marathi
Gerrilee,Gerrilee,Fredy,Burmese
Ax,Ax,Blain,Assamese
Blisse,Blisse,Durie,Malayalam
Cahra,Cahra,Lutton,Bengali
Norah,Norah,Melia,Kyrgyz